<?xml version="1.0" encoding="UTF-8"?>
<config xmlns="http://www.knime.org/2008/09/XMLConfig" xmlns:xsi="http://www.w3.org/2001/XMLSchema-instance" xsi:schemaLocation="http://www.knime.org/2008/09/XMLConfig http://www.knime.org/XMLConfig_2008_09.xsd" key="model.xml">
<entry key="version" type="xint" value="1"/>
<entry key="class_name" type="xstring" value="org.knime.base.data.normalize.NormalizerPortObject"/>
<config key="model">
<config key="columns">
<config key="Sepal.Length">
<entry key="column_name" type="xstring" value="Sepal.Length"/>
<entry key="column_scale" type="xdouble" value="1.2076330213409388"/>
<entry key="column_translate" type="xdouble" value="-7.056602288035552"/>
<entry key="column_min" type="xdouble" value="NaN"/>
<entry key="column_max" type="xdouble" value="NaN"/>
</config>
<config key="Sepal.Width">
<entry key="column_name" type="xstring" value="Sepal.Width"/>
<entry key="column_scale" type="xdouble" value="2.2942816055277886"/>
<entry key="column_translate" type="xdouble" value="-7.014383628633621"/>
<entry key="column_min" type="xdouble" value="NaN"/>
<entry key="column_max" type="xdouble" value="NaN"/>
</config>
<config key="Petal.Length">
<entry key="column_name" type="xstring" value="Petal.Length"/>
<entry key="column_scale" type="xdouble" value="0.5664765200345717"/>
<entry key="column_translate" type="xdouble" value="-2.1288187622899204"/>
<entry key="column_min" type="xdouble" value="NaN"/>
<entry key="column_max" type="xdouble" value="NaN"/>
</config>
<config key="Petal.Width">
<entry key="column_name" type="xstring" value="Petal.Width"/>
<entry key="column_scale" type="xdouble" value="1.3119267660491627"/>
<entry key="column_translate" type="xdouble" value="-1.5734375014149629"/>
<entry key="column_min" type="xdouble" value="NaN"/>
<entry key="column_max" type="xdouble" value="NaN"/>
</config>
</config>
<entry key="summary" type="xstring" value="Z-Score (Gaussian) normalization on 4 column(s)"/>
</config>
</config>
