<?xml version="1.0" encoding="UTF-8"?>
<config xmlns="http://www.knime.org/2008/09/XMLConfig" xmlns:xsi="http://www.w3.org/2001/XMLSchema-instance" xsi:schemaLocation="http://www.knime.org/2008/09/XMLConfig http://www.knime.org/XMLConfig_2008_09.xsd" key="model.xml">
<entry key="version" type="xint" value="1"/>
<entry key="class_name" type="xstring" value="org.knime.base.node.mine.pca.PCAModelPortObject"/>
<config key="model">
<config key="center">
<entry key="array-size" type="xint" value="4"/>
<entry key="0" type="xdouble" value="5.843333333333335"/>
<entry key="1" type="xdouble" value="3.057333333333334"/>
<entry key="2" type="xdouble" value="3.7580000000000027"/>
<entry key="3" type="xdouble" value="1.199333333333334"/>
</config>
<config key="columnNames">
<entry key="array-size" type="xint" value="4"/>
<entry key="0" type="xstring" value="Sepal.Length"/>
<entry key="1" type="xstring" value="Sepal.Width"/>
<entry key="2" type="xstring" value="Petal.Length"/>
<entry key="3" type="xstring" value="Petal.Width"/>
</config>
<config key="eigenvalues">
<entry key="array-size" type="xint" value="4"/>
<entry key="0" type="xdouble" value="0.023835092973450267"/>
<entry key="1" type="xdouble" value="0.07820950004291907"/>
<entry key="2" type="xdouble" value="0.24267074792863344"/>
<entry key="3" type="xdouble" value="4.228241706034861"/>
</config>
<config key="eigenvectorRow0">
<entry key="array-size" type="xint" value="4"/>
<entry key="0" type="xdouble" value="-0.31548719290397553"/>
<entry key="1" type="xdouble" value="-0.5820298513060649"/>
<entry key="2" type="xdouble" value="-0.6565887712868423"/>
<entry key="3" type="xdouble" value="0.36138659178536847"/>
</config>
<config key="eigenvectorRow1">
<entry key="array-size" type="xint" value="4"/>
<entry key="0" type="xdouble" value="0.3197231036661312"/>
<entry key="1" type="xdouble" value="0.5979108301000853"/>
<entry key="2" type="xdouble" value="-0.7301614347850263"/>
<entry key="3" type="xdouble" value="-0.08452251406456883"/>
</config>
<config key="eigenvectorRow2">
<entry key="array-size" type="xint" value="4"/>
<entry key="0" type="xdouble" value="0.4798389869946341"/>
<entry key="1" type="xdouble" value="0.07623607582096258"/>
<entry key="2" type="xdouble" value="0.1733726627958576"/>
<entry key="3" type="xdouble" value="0.8566706059498354"/>
</config>
<config key="eigenvectorRow3">
<entry key="array-size" type="xint" value="4"/>
<entry key="0" type="xdouble" value="-0.7536574252640448"/>
<entry key="1" type="xdouble" value="0.5458314320200767"/>
<entry key="2" type="xdouble" value="0.0754810199174625"/>
<entry key="3" type="xdouble" value="0.3582891971515506"/>
</config>
</config>
</config>
